{
  "code": 200,
  "msg": "",
  "count": "100",
  "data": [
    {
      "orderid": 111,
      "title": "移动支付踏入马来西亚，聚合支付紧随其后",
      "attr": "公告",
      "progress": "25%",
      "submit": "贤心",
      "accept": "员工-1",
      "state": "处理中"
    },
    {
      "orderid": 222,
      "title": "凡科拖拽式免费建站神器，享双重优惠！",
      "attr": "讨论",
      "progress": "100%",
      "submit": "猫吃",
      "accept": "员工-1",
      "state": "已处理"
    },
    {
      "orderid": 333,
      "title": "看着别人的老板给员工送汽车有感",
      "attr": "分享",
      "progress": "0%",
      "submit": "纸飞机",
      "accept": "",
      "state": "未分配"
    },
    {
      "orderid": 444,
      "title": "DISCUZ的云平台应该彻底完了",
      "attr": "提问",
      "progress": "0%",
      "submit": "纸飞机",
      "accept": "",
      "state": "未分配"
    },
    {
      "orderid": 555,
      "title": "现在个人网站还有必要长期坚持下去吗？",
      "attr": "提问",
      "progress": "50%",
      "submit": "纸飞机",
      "accept": "员工-2",
      "state": "处理中"
    },
    {
      "orderid": 666,
      "title": "向北京公安局投诉了京东商城",
      "attr": "公告",
      "progress": "25%",
      "submit": "纸飞机",
      "accept": "员工-3",
      "state": "处理中"
    },
    {
      "orderid": 777,
      "title": "游戏 网页美工，一个月多少工资才正常？",
      "attr": "提问",
      "progress": "100%",
      "submit": "纸飞机",
      "accept": "员工-1",
      "state": "已处理"
    },
    {
      "orderid": 888,
      "title": "几年没来了，蓝色理想帖子这么少了啊",
      "attr": "提问",
      "progress": "0%",
      "submit": "纸飞机",
      "accept": "",
      "state": "未分配"
    },
    {
      "orderid": 999,
      "title": "我的天，求推荐靠谱的学习网站",
      "attr": "提问",
      "progress": "50%",
      "submit": "纸飞机",
      "accept": "员工-2",
      "state": "处理中"
    }
  ]
}
