{
  "code": 200,
  "msg": "",
  "count": "100",
  "data": [
    {
      "prograss": "开会",
      "time": "一小时",
      "complete": "已完成",
      "LAY_CHECKED": true
    },
    {
      "prograss": "项目开发",
      "time": "两小时",
      "complete": "进行中",
      "LAY_CHECKED": true
    },
    {
      "prograss": "陪吃饭",
      "time": "一小时",
      "complete": "未完成"
    },
    {
      "prograss": "修改小bug",
      "time": "半小时",
      "complete": "未完成"
    },
    {
      "prograss": "修改大bug",
      "time": "两小时",
      "complete": "未完成"
    },
    {
      "prograss": "修改小bug",
      "time": "半小时",
      "complete": "未完成"
    },
    {
      "prograss": "修改大bug",
      "time": "两小时",
      "complete": "未完成"
    }
  ]
}
