{
  "code": 200,
  "msg": "",
  "count": "100",
  "data": [
    {
      "id": 111,
      "title": "社区开始接受 “赞助商广告” 投放",
      "username": "贤心",
      "channel": "公告",
      "href": "http://fly.layui.com/jie/15697/",
      "crt": 61632
    },
    {
      "id": 222,
      "title": "layui 一周年",
      "username": "猫吃",
      "channel": "讨论",
      "href": "http://fly.layui.com/jie/16622/",
      "crt": 61632
    },
    {
      "id": 333,
      "title": "四个月的前端",
      "username": "fd",
      "channel": "分享",
      "href": "http://fly.layui.com/jie/16651/",
      "crt": 61632
    },
    {
      "id": 333,
      "title": "如何评价LayUI和他的作者闲心",
      "username": "纸飞机",
      "channel": "提问",
      "href": "http://fly.layui.com/jie/9352/",
      "crt": 61632
    },
    {
      "id": 333,
      "title": "如何评价LayUI和他的作者闲心",
      "username": "纸飞机",
      "channel": "提问",
      "href": "http://fly.layui.com/jie/9352/",
      "crt": 61632
    },
    {
      "id": 333,
      "title": "如何评价LayUI和他的作者闲心",
      "username": "纸飞机",
      "channel": "提问",
      "href": "http://fly.layui.com/jie/9352/",
      "crt": 61632
    },
    {
      "id": 333,
      "title": "如何评价LayUI和他的作者闲心",
      "username": "纸飞机",
      "channel": "提问",
      "href": "http://fly.layui.com/jie/9352/",
      "crt": 61632
    },
    {
      "id": 333,
      "title": "如何评价LayUI和他的作者闲心",
      "username": "纸飞机",
      "channel": "提问",
      "href": "http://fly.layui.com/jie/9352/",
      "crt": 61632
    },
    {
      "id": 333,
      "title": "如何评价LayUI和他的作者闲心",
      "username": "纸飞机",
      "channel": "提问",
      "href": "http://fly.layui.com/jie/9352/",
      "crt": 61632
    },
    {
      "id": 333,
      "title": "如何评价LayUI和他的作者闲心",
      "username": "纸飞机",
      "channel": "提问",
      "href": "http://fly.layui.com/jie/9352/",
      "crt": 61632
    }
  ]
}
