{
  "code": 200,
  "msg": "",
  "count": "100",
  "data": [
    {
      "id": "001",
      "replyer": "吴",
      "cardid": "1002",
      "avatar": "https://wx2.sinaimg.cn/mw690/5db11ff4gy1fmx4kec5bvj20eb0h3mxh.jpg",
      "content": "有眼光，我也喜欢胡歌！",
      "replytime": 20161205
    },
    {
      "id": "002",
      "replyer": "郑",
      "cardid": "1002",
      "avatar": "https://wx2.sinaimg.cn/mw690/5db11ff4gy1fmx4kec5bvj20eb0h3mxh.jpg",
      "content": "同上同上。",
      "replytime": 20161205
    },
    {
      "id": "003",
      "replyer": "王",
      "cardid": "1003",
      "avatar": "https://wx2.sinaimg.cn/mw690/5db11ff4gy1fmx4kec5bvj20eb0h3mxh.jpg",
      "content": "能过一定过，不能过紧张也没用",
      "replytime": 20170405
    },
    {
      "id": "004",
      "replyer": "冯",
      "cardid": "1001",
      "avatar": "https://wx2.sinaimg.cn/mw690/5db11ff4gy1fmx4kec5bvj20eb0h3mxh.jpg",
      "content": "可能因为你流鼻血了。",
      "replytime": 20170405
    },
    {
      "id": "005",
      "replyer": "陈",
      "cardid": "1003",
      "avatar": "https://wx2.sinaimg.cn/mw690/5db11ff4gy1fmx4kec5bvj20eb0h3mxh.jpg",
      "content": "加油加油，看好你",
      "replytime": 20170405
    },
    {
      "id": "006",
      "replyer": "褚",
      "cardid": "1005",
      "avatar": "https://wx2.sinaimg.cn/mw690/5db11ff4gy1fmx4kec5bvj20eb0h3mxh.jpg",
      "content": "纯属放屁",
      "replytime": 20180207
    },
    {
      "id": "007",
      "replyer": "卫",
      "cardid": "1005",
      "avatar": "https://wx2.sinaimg.cn/mw690/5db11ff4gy1fmx4kec5bvj20eb0h3mxh.jpg",
      "content": "可以试试",
      "replytime": 20180207
    },
    {
      "id": "006",
      "replyer": "蒋",
      "cardid": "1006",
      "avatar": "https://wx2.sinaimg.cn/mw690/5db11ff4gy1fmx4kec5bvj20eb0h3mxh.jpg",
      "content": "是啊是啊，太恐怖了。",
      "replytime": 20180512
    },
    {
      "id": "007",
      "replyer": "沈",
      "cardid": "1008",
      "avatar": "https://wx2.sinaimg.cn/mw690/5db11ff4gy1fmx4kec5bvj20eb0h3mxh.jpg",
      "content": "魏家凉皮的凉皮就很不错奥。",
      "replytime": 20180515
    }
  ]
}
