{
  "code": 200,
  "msg": "",
  "count": 60,
  "data": [
    {
      "id": 123,
      "title": "你好新朋友，感谢使用 layuiAdmin",
      "time": 1510363800000
    },
    {
      "id": 111,
      "title": "贤心发来了一段私信",
      "time": 1510212370000
    },
    {
      "id": 111,
      "title": "贤心发来了一段私信",
      "time": 1510212370000
    },
    {
      "id": 111,
      "title": "贤心发来了一段私信",
      "time": 1510212370000
    },
    {
      "id": 111,
      "title": "贤心发来了一段私信",
      "time": 1510212370000
    },
    {
      "id": 111,
      "title": "贤心发来了一段私信",
      "time": 1510212370000
    },
    {
      "id": 111,
      "title": "贤心发来了一段私信",
      "time": 1510212370000
    },
    {
      "id": 111,
      "title": "贤心发来了一段私信",
      "time": 1510212370000
    },
    {
      "id": 111,
      "title": "贤心发来了一段私信",
      "time": 1510212370000
    },
    {
      "id": 111,
      "title": "贤心发来了一段私信",
      "time": 1507447570000
    }
  ]
}
