{
  "code": 200,
  "msg": "",
  "title": "JSON请求的相册",
  "id": 8,
  "start": 0,
  "data": [
    {
      "alt": "layer",
      "pid": 109,
      "src": "https://wx4.sinaimg.cn/mw1024/5db11ff4gy1fmx4keaw9pj20dw08caa4.jpg",
      "thumb": ""
    },
    {
      "alt": "说好的，一起Fly",
      "pid": 110,
      "src": "https://wx4.sinaimg.cn/mw1024/5db11ff4gy1fmx4kebemcj20ga09saa1.jpg",
      "thumb": ""
    },
    {
      "alt": "佟丽娅女神",
      "pid": 111,
      "src": "https://wx2.sinaimg.cn/mw690/5db11ff4gy1fmx4kec5bvj20eb0h3mxh.jpg",
      "thumb": ""
    },
    {
      "alt": "凤姐是个好人",
      "pid": 112,
      "src": "https://wx3.sinaimg.cn/mw690/5db11ff4gy1fmx4kec9vuj20b20dwmyk.jpg",
      "thumb": ""
    },
    {
      "alt": "星空如此深邃",
      "pid": 113,
      "src": "https://wx3.sinaimg.cn/mw690/5db11ff4gy1fmx4keca8ag208g06iglw.gif",
      "thumb": ""
    }
  ]
}
