{
  "code": 200,
  "msg": "",
  "count": "100",
  "data": [
    {
      "id": "001",
      "reviewers": "赵",
      "content": "我又爱上编程了",
      "commtime": 20160312
    },
    {
      "id": "002",
      "reviewers": "钱",
      "content": "女生出门要小心",
      "commtime": 20160821
    },
    {
      "id": "003",
      "reviewers": "孙",
      "content": "框架就用layui",
      "commtime": 20161212
    },
    {
      "id": "004",
      "reviewers": "李",
      "content": "心姐么么哒",
      "commtime": 20170311
    },
    {
      "id": "005",
      "reviewers": "周",
      "content": "希望明天是个好天气",
      "commtime": 20170612
    },
    {
      "id": "006",
      "reviewers": "吴",
      "content": "我又爱上编程了",
      "commtime": 20171112
    },
    {
      "id": "007",
      "reviewers": "郑",
      "content": "女生出门要小心",
      "commtime": 20171230
    },
    {
      "id": "008",
      "reviewers": "王",
      "content": "框架就用layui",
      "commtime": 20180112
    },
    {
      "id": "009",
      "reviewers": "冯",
      "content": "心姐么么哒",
      "commtime": 20180221
    },
    {
      "id": "010",
      "reviewers": "陈",
      "content": "希望明天是个好天气",
      "commtime": 20180312
    }
  ]
}
